"ind","univ","type","n","n_pct"
0,1,"univ only",228,0.526558891454965
1,0,"ind only",117,0.270207852193995
1,1,"ind_univ",88,0.203233256351039
